"start.p","end.p","type","nexons","start","end","chromosome","id","BF","reads.expected","reads.observed","reads.ratio","exons.hg19"
593,608,"deletion",16,1607505,1643840,"1","chr1:1607505-1643840",14.9,685,451,0.658,"CDC2L2-208_7,CDC2L2-208_8,CDC2L2-208_9,CDC2L2-208_10,CDC2L2-208_11,RP11-345P4-003_1,RP11-345P4-003_2,RP11-345P4-003_3,RP11-345P4-003_4,MMP23A-001_1,MMP23A-001_2,MMP23A-001_3,MMP23A-001_4,MMP23A-001_5,MMP23A-001_6,MMP23A-001_7"
2316,2321,"deletion",6,12941677,12954996,"1","chr1:12941677-12954996",9.5,4502,2813,0.625,"RP11-450I1-201_3,PRAMEF4-001_1,PRAMEF4-001_2,PRAMEF4-001_3,PRAMEF10-001_3,PRAMEF10-001_4"
2366,2374,"deletion",9,13351484,13381238,"1","chr1:13351484-13381238",32.3,520,129,0.248,"RP11-248D7-001_1,RP11-248D7-001_2,RP11-248D7-001_3,PRAMEF5-001_1,PRAMEF5-001_2,PRAMEF5-001_3,PRAMEF5-001_4,RP11-219C24-008_1,RP11-219C24-008_2"
2940,2947,"duplication",8,16975026,16976731,"1","chr1:16975026-16976731",7.46,7068,9062,1.28,"RP5-1182A14-001_11,RP5-1182A14-001_12,RP5-1182A14-001_13,RP5-1182A14-001_14,RP5-1182A14-001_15,RP5-1182A14-001_16,RP5-1182A14-001_17,RP5-1182A14-001_18"
3670,3672,"deletion",3,21080978,21083750,"1","chr1:21080978-21083750",5.29,341,190,0.557,"HP1BP3-001_9,AL663074-201_1,AL663074-201_2"
4264,4266,"deletion",3,24297854,24298503,"1","chr1:24297854-24298503",6.33,110,39,0.355,"FUSIP1-009_5,FUSIP1-009_6,FUSIP1-009_7"
5177,5178,"deletion",2,29063273,29064195,"1","chr1:29063273-29064195",4.96,71,26,0.366,"YTHDF2-001_1,YTHDF2-001_2"
6317,6319,"deletion",3,36787327,36788266,"1","chr1:36787327-36788266",5.22,476,268,0.563,"C1orf113-203_14,C1orf113-203_15,FAM176B-001_3"
9698,9698,"deletion",1,63885043,63885112,"1","chr1:63885043-63885112",5.44,112,28,0.25,"ALG6-001_12"
9729,9729,"deletion",1,64038115,64038365,"1","chr1:64038115-64038365",5.15,74,16,0.216,"EFCAB7-001_14"
10820,10823,"deletion",4,84639014,84644922,"1","chr1:84639014-84644922",7.73,156,76,0.487,"PRKACB-204_2,PRKACB-204_3,PRKACB-204_4,PRKACB-204_5"
11440,11441,"deletion",2,91846471,91850792,"1","chr1:91846471-91850792",6.05,274,122,0.445,"HFM1-002_6,HFM1-002_7"
12323,12345,"deletion",23,103435777,103474073,"1","chr1:103435777-103474073",11.5,4000,3036,0.759,"COL11A1-001_15,COL11A1-001_16,COL11A1-001_17,COL11A1-001_18,COL11A1-001_19,COL11A1-001_20,COL11A1-001_21,COL11A1-001_22,COL11A1-001_23,COL11A1-001_24,COL11A1-001_25,COL11A1-001_26,COL11A1-001_27,COL11A1-001_28,COL11A1-001_29,COL11A1-001_30,COL11A1-001_31,COL11A1-001_32,COL11A1-001_33,COL11A1-001_34,COL11A1-001_35,COL11A1-001_36,COL11A1-001_37"
12424,12436,"duplication",13,104233918,104260732,"1","chr1:104233918-104260732",22.4,1554,3002,1.93,"AMY1B-001_1,AMY1B-001_2,AMY1B-001_3,AMY1B-001_4,AMY1B-001_5,AMY1B-001_6,AMY1B-001_7,AMY1B-001_8,AMYP1-001_1,AMYP1-001_2,AMYP1-001_3,AMYP1-001_4,AMYP1-001_5"
12445,12446,"deletion",2,104297123,104297437,"1","chr1:104297123-104297437",6.95,1727,748,0.433,"AMY1C-201_7,AMY1C-201_8"
12554,12555,"duplication",2,108918462,108918919,"1","chr1:108918462-108918919",5.26,485,816,1.68,"NBPF5-001_1,NBPF5-001_2"
12929,12936,"duplication",8,110230474,110236368,"1","chr1:110230474-110236368",14,4490,6620,1.47,"GSTM1-001_1,GSTM1-001_2,GSTM1-001_3,GSTM1-001_4,GSTM1-001_5,GSTM1-001_6,GSTM1-001_7,GSTM1-001_8"
13715,13725,"deletion",11,115468901,115537992,"1","chr1:115468901-115537992",11.5,1887,1308,0.693,"SYCP1-001_22,SYCP1-001_23,SYCP1-001_24,SYCP1-001_25,SYCP1-001_26,SYCP1-001_27,SYCP1-001_28,SYCP1-001_29,SYCP1-001_30,SYCP1-001_31,SYCP1-001_32"
14219,14222,"deletion",4,121107156,121124787,"1","chr1:121107156-121124787",7.65,636,520,0.818,"SRGAP2P1-001_1,SRGAP2P1-001_2,SRGAP2P1-001_3,SRGAP2P1-001_4"
14278,14285,"deletion",8,142810198,142827236,"1","chr1:142810198-142827236",7.18,288,161,0.559,"ENST00000423385_1,ENST00000457776_2,ENST00000457776_3,ENST00000457776_4,ENST00000457776_5,ENST00000457776_6,ENST00000457776_7,ENST00000457776_8"
14864,14879,"deletion",16,146232496,146253111,"1","chr1:146232496-146253111",34.4,338,18,0.0533,"WI2-3658N16-001_1,WI2-3658N16-001_2,WI2-3658N16-001_3,WI2-3658N16-001_4,WI2-3658N16-001_5,WI2-3658N16-001_6,WI2-3658N16-001_7,WI2-3658N16-001_8,WI2-3658N16-001_9,WI2-3658N16-001_10,WI2-3658N16-001_11,WI2-3658N16-001_12,WI2-3658N16-001_13,WI2-3658N16-001_14,WI2-3658N16-001_15,WI2-3658N16-001_16"
14896,14899,"duplication",4,146399557,146403758,"1","chr1:146399557-146403758",7.39,457,712,1.56,"NBPF12-001_8,NBPF12-001_9,NBPF12-001_10,NBPF12-001_11"
15195,15213,"deletion",19,147931726,148021629,"1","chr1:147931726-148021629",17.6,8258,5673,0.687,"ENST00000381475_1,NBPF14-001_5,NBPF14-001_6,NBPF14-001_7,NBPF14-001_8,NBPF14-001_9,NBPF14-001_10,NBPF14-001_11,NBPF14-001_12,NBPF14-001_13,NBPF14-001_14,NBPF14-001_15,NBPF14-001_16,NBPF14-001_17,NBPF14-001_18,NBPF14-001_19,NBPF14-001_20,NBPF14-001_21,NBPF14-001_22"
15360,15360,"deletion",1,148741692,148741793,"1","chr1:148741692-148741793",8.32,65,0,0,"NBPF16-001_3"
16280,16280,"deletion",1,152573269,152573493,"1","chr1:152573269-152573493",11.3,129,2,0.0155,"LCE3C-201_2"
16301,16302,"deletion",2,152769219,152771397,"1","chr1:152769219-152771397",16.7,320,4,0.0125,"LCE1D-001_1,LCE1D-001_2"
18672,18682,"deletion",11,161559354,161599826,"1","chr1:161559354-161599826",15.4,1123,712,0.634,"FCGR2C-006_3,FCGR2C-006_4,FCGR2C-006_5,FCGR2C-006_6,FCGR2C-006_7,ENST00000448848_1,ENST00000448848_2,ENST00000448848_3,FCGR3B-001_3,FCGR3B-001_4,FCGR3B-001_5"
19178,19181,"deletion",4,167893737,167906279,"1","chr1:167893737-167906279",5.83,305,178,0.584,"BRP44-002_1,BRP44-002_2,BRP44-002_3,IQWD1-001_1"
19972,19974,"deletion",3,176104148,176118211,"1","chr1:176104148-176118211",7.46,160,72,0.45,"RFWD2-001_6,RFWD2-001_7,RFWD2-001_8"
20654,20656,"deletion",3,182920455,182922349,"1","chr1:182920455-182922349",5.34,411,220,0.535,"C1orf14-201_3,C1orf14-201_4,C1orf14-201_5"
21362,21374,"deletion",13,196743977,196801320,"1","chr1:196743977-196801320",127,1576,34,0.0216,"CFHR3-001_1,CFHR3-001_2,CFHR3-001_3,CFHR3-001_4,CFHR3-001_5,CFHR3-001_6,CFHR1-001_1,CFHR1-001_2,CFHR1-001_3,CFHR1-001_4,CFHR1-001_5,CFHR1-001_6,CFHR2-201_1"
21541,21543,"deletion",3,198691547,198698301,"1","chr1:198691547-198698301",6.02,407,262,0.644,"PTPRC-001_15,PTPRC-001_16,PTPRC-001_17"
21593,21603,"deletion",11,200342223,200528581,"1","chr1:200342223-200528581",8.18,5079,4876,0.96,"C1orf98-001_1,C1orf98-001_2,ZNF281-003_1,ZNF281-003_2,ZNF281-003_3,RP11-469A15-001_1,RP11-469A15-001_2,KIF14-001_27,KIF14-001_28,KIF14-001_29,KIF14-001_30"
23024,23024,"deletion",1,207700100,207700275,"1","chr1:207700100-207700275",5.89,43,2,0.0465,"CR1-201_6"
23959,23959,"deletion",1,220789283,220789338,"1","chr1:220789283-220789338",4.64,72,18,0.25,"MARK1-002_7"
24658,24674,"deletion",17,227387260,227682338,"1","chr1:227387260-227682338",13.4,3524,2516,0.714,"CDC42BPA-202_1,CDC42BPA-202_2,CDC42BPA-202_3,CDC42BPA-202_4,RP11-211A18-001_1,RP11-211A18-001_2,CTD-2090I13-001_1,CTD-2090I13-001_2,CTD-2090I13-001_3,CTD-2090I13-001_4,RP11-275O4-201_3,RP11-275O4-201_4,RP11-275O4-201_5,RP11-275O4-201_6,RP11-275O4-201_7,RP11-275O4-201_8,RP11-275O4-201_9"
24680,24685,"duplication",6,227694997,227695994,"1","chr1:227694997-227695994",16.5,2349,3537,1.51,"ENST00000440040_4,ENST00000440040_5,ENST00000440040_6,ENST00000440040_7,ENST00000440040_8,ENST00000440040_9"
24928,24932,"deletion",5,229406673,229407217,"1","chr1:229406673-229407217",5.89,38,8,0.211,"RP5-1061H20-201_2,RP5-1061H20-201_3,RP5-1061H20-201_4,RP5-1061H20-201_5,RAB4A-201_1"
26173,26173,"deletion",1,244595849,244595898,"1","chr1:244595849-244595898",5.4,106,26,0.245,"ADSS-001_4"
26211,26211,"deletion",1,245006345,245006555,"1","chr1:245006345-245006555",5.39,250,78,0.312,"FAM36A-005_5"
29358,29359,"deletion",2,32094919,32095022,"2","chr2:32094919-32095022",5.82,145,60,0.414,"MEMO1-003_9,DPY30-005_9"
29847,29848,"deletion",2,38216686,38218441,"2","chr2:38216686-38218441",4.95,231,116,0.502,"FAM82A1-005_6,FAM82A1-005_7"
31399,31404,"deletion",6,61505525,61512093,"2","chr2:61505525-61512093",7.22,883,538,0.609,"USP34-203_37,USP34-203_38,USP34-203_39,USP34-203_40,USP34-203_41,USP34-203_42"
33568,33569,"deletion",2,87565631,87565683,"2","chr2:87565631-87565683",5.77,242,111,0.459,"AC068279-201_1,AC068279-201_2"
33615,33616,"duplication",2,88094929,88095368,"2","chr2:88094929-88095368",12.5,181,458,2.53,"RGPD2-001_10,RGPD2-001_11"
34092,34095,"duplication",4,96457910,96458295,"2","chr2:96457910-96458295",10.6,302,565,1.87,"AC008268-201_2,AC008268-201_3,ENST00000444924_1,ENST00000444924_2"
34212,34213,"deletion",2,96697783,96698114,"2","chr2:96697783-96698114",8.03,54,0,0,"GPAT2-205_3,GPAT2-205_4"
34615,34627,"deletion",13,98127603,98158571,"2","chr2:98127603-98158571",23.4,2627,1567,0.596,"ANKRD36B-001_27,ANKRD36B-001_28,ANKRD36B-001_29,ANKRD36B-001_30,ANKRD36B-001_31,ANKRD36B-001_32,ANKRD36B-001_33,ANKRD36B-001_34,ANKRD36B-001_35,ANKRD36B-001_36,ANKRD36B-001_37,ANKRD36B-001_38,ANKRD36B-001_39"
34858,34860,"deletion",3,99689483,99697861,"2","chr2:99689483-99697861",6.93,357,214,0.599,"TSGA10-001_11,TSGA10-001_12,TSGA10-001_13"
35019,35019,"deletion",1,101089953,101090002,"2","chr2:101089953-101090002",5.65,35,0,0,"NMS-001_3"
35553,35558,"deletion",6,108454715,108471100,"2","chr2:108454715-108471100",13.2,170,34,0.2,"RGPD4-202_3,RGPD4-202_4,RGPD4-202_5,RGPD4-202_6,RGPD4-202_7,RGPD4-202_8"
36086,36088,"deletion",3,113012487,113057607,"2","chr2:113012487-113057607",5.29,202,118,0.584,"ZC3H8-001_1,ZC3H6-001_1,ZC3H6-001_2"
37034,37034,"deletion",1,128526509,128526576,"2","chr2:128526509-128526576",5.66,64,10,0.156,"WDR33-001_3"
38143,38149,"deletion",7,148712918,148778293,"2","chr2:148712918-148778293",8.51,365,228,0.625,"ORC4L-001_1,ORC4L-001_2,ORC4L-001_3,ORC4L-001_4,ORC4L-001_5,ORC4L-001_6,ORC4L-001_7"
39062,39062,"deletion",1,162875735,162875787,"2","chr2:162875735-162875787",6.16,65,8,0.123,"DPP4-002_16"
39908,39908,"deletion",1,171911595,171911683,"2","chr2:171911595-171911683",7.77,145,22,0.152,"TLK1-004_8"
40416,40419,"deletion",4,178305695,178326747,"2","chr2:178305695-178326747",8.48,408,218,0.534,"AGPS-001_6,AGPS-001_7,AGPS-001_8,AGPS-001_9"
41591,41592,"deletion",2,191788645,191789320,"2","chr2:191788645-191789320",6.43,160,58,0.362,"GLS-001_10,GLS-001_11"
41646,41647,"deletion",2,191922930,191923496,"2","chr2:191922930-191923496",5.21,65,18,0.277,"STAT4-001_11,STAT4-001_12"
42085,42089,"deletion",5,198636583,198641838,"2","chr2:198636583-198641838",9.14,593,394,0.664,"AC011997-001_3,AC011997-001_4,BOLL-002_4,BOLL-002_5,BOLL-002_6"
42453,42458,"deletion",6,202410268,202440050,"2","chr2:202410268-202440050",8.73,494,330,0.668,"ALS2CR11-003_6,ALS2CR11-003_7,ALS2CR11-003_8,ALS2CR11-003_9,ALS2CR11-003_10,ALS2CR11-003_11"
44842,44844,"deletion",3,228113161,228116088,"2","chr2:228113161-228116088",5.53,269,132,0.491,"COL4A3-001_9,COL4A3-001_10,COL4A3-001_11"
45134,45135,"deletion",2,231265672,231266159,"2","chr2:231265672-231266159",6.15,319,188,0.589,"SP140L-203_16,SP140L-203_17"
45378,45380,"deletion",3,233245963,233247600,"2","chr2:233245963-233247600",5.78,347,192,0.553,"ALPP-001_10,ALPP-001_11,AC068134-001_1"
45896,45897,"deletion",2,237300889,237301032,"2","chr2:237300889-237301032",5.72,114,48,0.421,"IQCA1-002_10,AC019068-001_2"
48192,48193,"deletion",2,15793259,15807820,"3","chr3:15793259-15807820",5.54,304,158,0.52,"ANKRD28-001_3,ANKRD28-001_4"
48234,48236,"deletion",3,16635164,16636893,"3","chr3:16635164-16636893",5.8,289,156,0.54,"DAZL-002_7,DAZL-002_8,DAZL-002_9"
51734,51734,"deletion",1,50879108,50879147,"3","chr3:50879108-50879147",5.65,35,0,0,"DOCK3-001_3"
52914,52915,"deletion",2,57620287,57620497,"3","chr3:57620287-57620497",6.74,128,44,0.344,"FAM116A-001_13,FAM116A-001_14"
52922,52930,"deletion",9,57646489,57682324,"3","chr3:57646489-57682324",9.39,876,672,0.767,"FAM116A-001_1,FAM116A-001_2,FAM116A-001_3,FAM116A-001_4,FAM116A-001_5,FAM116A-001_6,FAM116A-001_7,ENST00000465933_1,ENST00000465933_2"
54993,54997,"deletion",5,111983049,111996708,"3","chr3:111983049-111996708",6.29,988,734,0.743,"SLC9A10-001_5,SLC9A10-001_6,SLC9A10-001_7,SLC9A10-001_8,SLC9A10-001_9"
55182,55182,"deletion",1,113222029,113222075,"3","chr3:113222029-113222075",4.86,34,2,0.0588,"CCDC52-001_3"
55748,55748,"deletion",1,121605191,121605374,"3","chr3:121605191-121605374",5.99,106,22,0.208,"EAF2-001_6"
57807,57812,"deletion",6,142066078,142084209,"3","chr3:142066078-142084209",7.41,929,644,0.693,"XRN1-001_28,XRN1-001_29,XRN1-001_30,XRN1-001_31,XRN1-001_32,XRN1-001_33"
59085,59090,"deletion",6,160248645,160254629,"3","chr3:160248645-160254629",8.29,845,542,0.641,"KPNA4-001_2,KPNA4-001_3,KPNA4-001_4,KPNA4-001_5,KPNA4-001_6,KPNA4-001_7"
59253,59255,"deletion",3,167068210,167078512,"3","chr3:167068210-167078512",6.17,382,192,0.503,"ZBBX-002_7,ZBBX-002_8,ZBBX-002_9"
60773,60774,"deletion",2,185307904,185316334,"3","chr3:185307904-185316334",7.23,316,162,0.513,"SENP2-001_2,SENP2-001_3"
61390,61390,"deletion",1,194140610,194140697,"3","chr3:194140610-194140697",5.92,44,2,0.0455,"ATP13A3-001_31"
61638,61647,"duplication",10,195698196,195702772,"3","chr3:195698196-195702772",7.45,1726,2318,1.34,"SDHALP1-002_9,SDHALP1-002_10,SDHALP1-002_11,ENST00000354937_10,ENST00000354937_11,ENST00000354937_12,ENST00000354937_13,ENST00000366437_1,ENST00000366437_2,ENST00000366437_3"
62724,62726,"duplication",3,4128371,4158898,"4","chr4:4128371-4158898",6.6,2402,3551,1.48,"AC011744-201_2,AC011744-201_3,AC011744-201_4"
62775,62778,"deletion",4,4509370,4544203,"4","chr4:4509370-4544203",7.37,255,134,0.525,"STX18-001_1,AC013725-201_4,AC013725-201_5,AC109359-201_1"
62984,62984,"deletion",1,7064114,7064194,"4","chr4:7064114-7064194",5.81,108,24,0.222,"GRPEL1-201_4"
63243,63249,"deletion",7,13475944,13549426,"4","chr4:13475944-13549426",7.27,624,438,0.702,"RAB28-002_1,RAB28-002_2,RAB28-002_3,NKX3-2-001_1,NKX3-2-001_2,ENST00000501050_1,ENST00000501050_2"
63261,63262,"deletion",2,13590348,13592071,"4","chr4:13590348-13592071",8.92,139,40,0.288,"BOD1L-001_14,BOD1L-001_15"
65407,65412,"deletion",6,70802841,70807782,"4","chr4:70802841-70807782",8.6,400,262,0.655,"CSN1S1-204_8,CSN1S1-204_9,CSN1S1-204_10,CSN1S1-204_11,CSN1S1-204_12,CSN1S1-204_13"
65511,65515,"deletion",5,71468343,71469178,"4","chr4:71468343-71469178",7.66,1268,800,0.631,"AMBN-201_7,AMBN-201_8,AMBN-201_9,AMBN-201_10,AMBN-201_11"
65805,65807,"deletion",3,75482008,75486007,"4","chr4:75482008-75486007",9.63,242,113,0.467,"AREGB-201_2,AREGB-201_3,AREGB-201_4"
66096,66099,"deletion",4,78694237,78740545,"4","chr4:78694237-78740545",6.1,911,685,0.752,"CNOT6L-201_1,CNOT6L-201_2,CNOT6L-201_3,CNOT6L-201_4"
66231,66233,"deletion",3,80905034,80929771,"4","chr4:80905034-80929771",5.32,414,230,0.556,"ANTXR2-202_12,ANTXR2-202_13,ANTXR2-202_14"
66270,66270,"deletion",1,82025526,82025587,"4","chr4:82025526-82025587",4.89,49,8,0.163,"PRKG2-001_17"
67687,67690,"deletion",4,109895691,109971336,"4","chr4:109895691-109971336",6.52,149,76,0.51,"COL25A1-001_4,COL25A1-001_6,COL25A1-001_7"
67900,67905,"deletion",6,113553088,113567608,"4","chr4:113553088-113567608",7.51,750,506,0.675,"C4orf21-002_1,C4orf21-002_2,C4orf21-002_3,LARP7-201_1,LARP7-201_2,LARP7-201_3"
68306,68306,"deletion",1,122784374,122784435,"4","chr4:122784374-122784435",5.37,182,54,0.297,"BBS7-001_3"
70822,70822,"deletion",1,748521,748675,"5","chr5:748521-748675",10.7,116,2,0.0172,"ZDHHC11B-201_5"
71554,71554,"deletion",1,16762156,16762223,"5","chr5:16762156-16762223",5.42,56,8,0.143,"MYO10-202_16"
72083,72084,"deletion",2,36200331,36201264,"5","chr5:36200331-36201264",5.01,252,126,0.5,"C5orf33-201_9,C5orf33-201_10"
72159,72159,"deletion",1,37048606,37048778,"5","chr5:37048606-37048778",5.18,365,124,0.34,"NIPBL-001_39"
72598,72598,"deletion",1,42629142,42629206,"5","chr5:42629142-42629206",6.3,41,0,0,"GHR-001_3"
73264,73265,"deletion",2,61694475,61694709,"5","chr5:61694475-61694709",4.96,252,150,0.595,"DIMT1L-001_4,DIMT1L-001_5"
73283,73286,"deletion",4,61785944,61800726,"5","chr5:61785944-61800726",6.34,605,408,0.674,"IPO11-002_15,IPO11-002_16,IPO11-002_17,IPO11-002_18"
73291,73292,"deletion",2,61832531,61833117,"5","chr5:61832531-61833117",6.02,218,98,0.45,"IPO11-002_23,IPO11-002_24"
73326,73328,"deletion",3,64023936,64037028,"5","chr5:64023936-64037028",5.71,301,164,0.545,"SFRS12IP1-201_3,SFRS12IP1-201_4,SFRS12IP1-201_5"
73468,73469,"deletion",2,65372146,65372778,"5","chr5:65372146-65372778",5.5,319,164,0.514,"ERBB2IP-204_24,ERBB2IP-204_25"
73488,73491,"deletion",4,66084500,66299782,"5","chr5:66084500-66299782",5.7,158,76,0.481,"MAST4-001_3,MAST4-001_4,AC008872-001_1,AC008872-001_2"
73580,73580,"deletion",1,68548247,68548279,"5","chr5:68548247-68548279",5.58,92,20,0.217,"CDK7-001_3"
73726,73756,"duplication",31,69717109,69807362,"5","chr5:69717109-69807362",89.4,1911,4306,2.25,"GTF2H2B-201_3,GTF2H2B-201_4,GTF2H2B-201_5,GTF2H2B-201_6,GTF2H2B-201_7,GTF2H2B-201_8,GTF2H2B-201_9,GTF2H2B-201_10,GTF2H2B-201_11,GTF2H2B-201_12,GTF2H2B-201_13,GTF2H2B-201_14,GTF2H2B-201_15,GTF2H2B-201_16,AC146944-201_1,AC146944-201_2,AC146944-201_3,AC146944-201_4,AC146944-203_1,AC146944-203_2,AC146944-203_3,AC146944-203_4,ENST00000456583_1,ENST00000456583_2,ENST00000456583_3,ENST00000456583_5,AC146944-202_1,AC146944-202_2,AC146944-202_3"
73795,73821,"duplication",27,70307104,70389020,"5","chr5:70307104-70389020",17.3,1118,1637,1.46,"NAIP-001_1,NAIP-001_2,NAIP-001_3,NAIP-001_4,NAIP-001_5,GTF2H2-202_1,GTF2H2-202_2,GTF2H2-202_3,GTF2H2-202_4,GTF2H2-202_5,GTF2H2-202_6,GTF2H2-202_7,GTF2H2-202_8,GTF2H2-202_9,GTF2H2-202_10,GTF2H2-202_11,GTF2H2-202_12,GTF2H2-202_13,GTF2H2-202_14,GTF2H2-202_15,GTF2H2-202_16,GTF2H2-202_17,AC044797-201_1,AC044797-201_2,AC044797-201_3,AC044797-201_4,AC044797-201_5"
74378,74379,"deletion",2,77536688,77563420,"5","chr5:77536688-77563420",5.39,251,116,0.462,"AP3B1-001_2,AP3B1-001_3"
75653,75653,"deletion",1,111541120,111541202,"5","chr5:111541120-111541202",4.89,482,176,0.365,"EPB41L4A-202_14"
75731,75731,"deletion",1,112874773,112874879,"5","chr5:112874773-112874879",5.22,48,6,0.125,"YTHDC2-001_8"
75903,75907,"deletion",5,118264234,118407352,"5","chr5:118264234-118407352",8.6,880,560,0.636,"DTWD2-201_1,DTWD2-201_2,DTWD2-201_3,DTWD2-201_4,DMXL1-001_1"
76407,76409,"deletion",3,130897673,130939021,"5","chr5:130897673-130939021",7.99,248,112,0.452,"RAPGEF6-204_3,RAPGEF6-204_4,RAPGEF6-204_5"
77755,77756,"deletion",2,141520130,141524242,"5","chr5:141520130-141524242",5.62,495,236,0.477,"NDFIP1-001_6,NDFIP1-001_7"
79575,79576,"deletion",2,175517375,175520278,"5","chr5:175517375-175520278",8,226,45,0.199,"FAM153B-201_4,FAM153B-201_5"
80015,80036,"duplication",22,177158572,177305850,"5","chr5:177158572-177305850",14.3,948,1337,1.41,"FAM153A-204_1,FAM153A-204_2,FAM153A-204_3,FAM153A-204_4,FAM153A-204_5,FAM153A-204_6,FAM153A-204_7,FAM153A-204_8,FAM153A-204_9,FAM153A-204_10,FAM153A-204_11,FAM153A-204_12,FAM153A-204_13,FAM153A-204_14,FAM153A-204_15,FAM153A-204_16,OR1X5P-001_1,OR1X5P-001_2,AC106795-201_1,AC106795-201_2,AC106795-201_3,AC106795-201_4"
80479,80488,"duplication",10,180375357,180430985,"5","chr5:180375357-180430985",15.3,2142,3135,1.46,"BTNL8-202_5,BTNL8-202_6,BTNL8-202_7,BTNL8-202_8,BTNL3-202_1,BTNL3-202_2,BTNL3-202_3,BTNL3-202_5,BTNL3-202_6"
82599,82599,"deletion",1,30125148,30125169,"6","chr6:30125148-30125169",5.69,106,24,0.226,"TRIM10-201_4"
83014,83017,"deletion",4,31323946,31324735,"6","chr6:31323946-31324735",6.4,1354,848,0.626,"HLA-B-201_2,HLA-B-201_3,HLA-B-201_4,HLA-B-201_5"
83577,83582,"deletion",6,31962024,31963572,"6","chr6:31962024-31963572",6.64,416,240,0.577,"C4A-001_20,C4A-001_21,C4A-001_22,C4A-001_23,C4A-001_24,C4A-001_25"
83609,83612,"deletion",4,31974792,31975248,"6","chr6:31974792-31975248",5.62,1203,768,0.638,"CYP21A1P-001_6,CYP21A1P-001_7,AL645922-201_4,AL645922-201_5,AL645922-201_6"
83911,83915,"deletion",5,32485122,32489952,"6","chr6:32485122-32489952",18.9,553,395,0.714,"HLA-DRB5-001_2,HLA-DRB5-001_3,HLA-DRB5-001_4,HLA-DRB5-001_5,HLA-DRB5-001_6"
83920,83927,"deletion",8,32522469,32548048,"6","chr6:32522469-32548048",28.5,712,186,0.261,"HLA-DRB6-002_1,HLA-DRB6-002_2,HLA-DRB6-002_3,AL713966-201_1,AL713966-201_2,AL713966-201_3,HLA-DRB1-001_5,HLA-DRB1-001_6"
86934,86946,"deletion",13,55939032,56029621,"6","chr6:55939032-56029621",18.6,1194,776,0.65,"COL21A1-001_9,COL21A1-001_10,COL21A1-001_11,COL21A1-001_12,COL21A1-001_13,COL21A1-001_14,COL21A1-001_15,COL21A1-001_16,COL21A1-001_17,COL21A1-001_18,COL21A1-001_19,COL21A1-001_20"
87335,87336,"deletion",2,70831774,70840116,"6","chr6:70831774-70840116",6.47,147,58,0.395,"COL19A1-001_17,COL19A1-001_18"
88172,88176,"deletion",5,84624137,84632190,"6","chr6:84624137-84632190",7.77,274,158,0.577,"CYB5R4-001_5,CYB5R4-001_6,CYB5R4-001_7,CYB5R4-001_8,CYB5R4-001_9"
88448,88452,"deletion",5,89388074,89559546,"6","chr6:89388074-89559546",9.36,697,516,0.74,"RNGTT-001_10,RNGTT-001_11,RNGTT-001_12,RNGTT-001_13,RNGTT-001_14"
89188,89189,"deletion",2,108197770,108202455,"6","chr6:108197770-108202455",5.1,286,144,0.503,"SEC63-001_18,SEC63-001_19"
90187,90193,"deletion",7,123542634,123581784,"6","chr6:123542634-123581784",9.71,264,170,0.644,"TRDN-204_35,TRDN-204_36,TRDN-204_37,TRDN-204_38,TRDN-204_39,TRDN-204_40,TRDN-204_41"
90198,90202,"deletion",5,123594111,123600228,"6","chr6:123594111-123600228",13.2,171,52,0.304,"TRDN-204_26,TRDN-204_27,TRDN-204_28,TRDN-204_29,TRDN-204_30"
90374,90375,"deletion",2,127804060,127804130,"6","chr6:127804060-127804130",7.83,258,96,0.372,"C6orf174-011_5,AL096711-201_4"
91528,91528,"deletion",1,145093045,145093105,"6","chr6:145093045-145093105",5.91,200,54,0.27,"UTRN-001_58"
91757,91759,"deletion",3,149770859,149772616,"6","chr6:149770859-149772616",5.96,277,148,0.534,"ZC3H12D-202_6,ZC3H12D-202_7,ZC3H12D-202_8"
93075,93078,"deletion",4,167594123,167608983,"6","chr6:167594123-167608983",6.25,628,427,0.68,"TCP10L2-001_6,TCP10L2-001_7,AL121935-201_7,AL121935-201_8"
94189,94189,"deletion",1,5958500,5958532,"7","chr7:5958500-5958532",11.3,130,2,0.0154,"C7orf28A-001_11"
94208,94212,"deletion",5,5998626,6006833,"7","chr7:5998626-6006833",7.3,230,132,0.574,"RSPH10B-002_3,RSPH10B-002_4,RSPH10B-002_5,RSPH10B-002_6,RSPH10B-002_7"
94433,94444,"deletion",12,6825582,6844687,"7","chr7:6825582-6844687",24.4,377,144,0.382,"RSPH10B2-204_16,RSPH10B2-204_17,RSPH10B2-204_18,RSPH10B2-204_19,RSPH10B2-204_20,RSPH10B2-204_21,ENST00000429267_1,ENST00000429267_2,C7orf28B-001_12,C7orf28B-001_13,C7orf28B-001_14,C7orf28B-001_15"
94996,94996,"deletion",1,18806731,18806779,"7","chr7:18806731-18806779",4.71,68,16,0.235,"HDAC9-001_16"
97910,97917,"deletion",8,57068812,57084498,"7","chr7:57068812-57084498",20.8,409,108,0.264,"TNRC18C-202_6,TNRC18C-202_7,TNRC18C-202_8,TNRC18C-202_9,TNRC18C-202_10,TNRC18C-202_11,ENST00000398760_4,ENST00000398760_5"
98172,98174,"deletion",3,64533821,64534227,"7","chr7:64533821-64534227",9.3,63,6,0.0952,"RP11-460N20-001_11,RP11-460N20-001_12,ENST00000501153_3"
98462,98463,"deletion",2,66762206,66762295,"7","chr7:66762206-66762295",7.87,129,38,0.295,"AC006480-201_3,PMS2L4-001_3"
98630,98631,"deletion",2,72470286,72470383,"7","chr7:72470286-72470383",7.9,43,0,0,"STAG3L3-003_5,RP11-313P13-001_5"
98710,98716,"deletion",7,72648627,72662647,"7","chr7:72648627-72662647",11.4,351,185,0.527,"ENST00000338578_9,ENST00000338578_10,ENST00000338578_11,NCF1B-001_9,NCF1B-001_10,NCF1B-001_11,GTF2IRD2P-001_13"
99229,99233,"deletion",5,74988200,74991359,"7","chr7:74988200-74991359",7.77,43,3,0.0698,"AC006014-203_1,AC006014-203_2,STAG3L1-004_1,STAG3L1-004_2,STAG3L1-004_3"
99271,99273,"deletion",3,75054359,75055736,"7","chr7:75054359-75055736",7.27,110,54,0.491,"POM121C-001_8,POM121C-001_9,POM121C-001_10"
99280,99284,"deletion",5,75104330,75115549,"7","chr7:75104330-75115549",9.89,97,32,0.33,"POM121C-001_1,POM121C-001_2,AC006014-001_1,AC006014-001_2,AC006014-001_3"
99476,99490,"deletion",15,76153834,76241131,"7","chr7:76153834-76241131",56.3,1365,499,0.366,"AC004980-001_1,AC004980-001_2,AC004980-001_3,ENST00000338590_1,ENST00000338590_2,ENST00000338590_3,ENST00000338590_4,ENST00000338590_5,ENST00000338590_6,ENST00000338590_7,AC004980-003_1,AC004980-003_2,POMZP3-003_6,POMZP3-003_7,POMZP3-003_8"
99522,99527,"deletion",6,76651637,76657518,"7","chr7:76651637-76657518",14.7,139,14,0.101,"PMS2L11-203_11,SPDYE8P-201_4,SPDYE8P-201_5,SPDYE8P-201_6,SPDYE8P-201_7,SPDYE8P-201_8"
99809,99811,"deletion",3,81596487,81598290,"7","chr7:81596487-81598290",7.72,232,96,0.414,"CACNA2D1-202_30,CACNA2D1-202_31,CACNA2D1-202_32"
99838,99839,"deletion",2,81695773,81714217,"7","chr7:81695773-81714217",5.21,177,100,0.565,"CACNA2D1-202_7,CACNA2D1-202_8"
100850,100853,"deletion",4,97599633,97601639,"7","chr7:97599633-97601639",5.56,120,58,0.483,"AC004967-201_1,ENST00000453589_1,ENST00000453589_2,ENST00000453589_3"
102207,102219,"duplication",13,102309364,102330202,"7","chr7:102309364-102330202",13.4,427,786,1.84,"AC093668-201_1,POLR2J2-001_1,POLR2J2-001_2,ENST00000379355_1,ENST00000379355_2,ENST00000489893_1,ENST00000489893_2,ENST00000489893_3,ENST00000489893_4,RP11-577H5-201_5,RP11-577H5-201_6,RP11-577H5-201_7,RP11-577H5-201_8"
102783,102784,"deletion",2,107559457,107559829,"7","chr7:107559457-107559829",6.69,1039,630,0.606,"DLD-006_13,DLD-006_14"
105012,105012,"deletion",1,138951081,138951150,"7","chr7:138951081-138951150",6.09,120,26,0.217,"UBN2-001_8"
105764,105764,"duplication",1,143559897,143560890,"7","chr7:143559897-143560890",6.95,119,302,2.54,"FAM115A-001_3"
105821,105829,"duplication",9,144063941,144072769,"7","chr7:144063941-144072769",11.1,532,808,1.52,"ARHGEF5-001_4,ARHGEF5-001_5,ARHGEF5-001_6,ARHGEF5-001_7,ARHGEF5-001_8,ARHGEF5-001_9,ARHGEF5-001_10,ARHGEF5-001_11,ARHGEF5-001_12"
107376,107376,"deletion",1,6873393,6873622,"8","chr8:6873393-6873622",11.1,152,6,0.0395,"DEFA3-001_3"
107420,107430,"duplication",11,7230668,7320382,"8","chr8:7230668-7320382",8.7,1106,1647,1.49,"ZNF705G-201_1,ZNF705G-201_2,DEFB108P2-202_1,DEFB108P2-202_2,DEFB4P-001_1,DEFB4P-001_2,DEFB103A-001_1,DEFB103A-001_2,SPAG11-003_2,SPAG11-003_3,SPAG11-003_4"
107523,107538,"duplication",16,7806653,7886121,"8","chr8:7806653-7886121",11.8,1348,2726,2.02,"ENST00000400120_4,ENST00000400120_5,ENST00000400120_6,ENST00000400120_7,ENST00000420514_1,ENST00000420514_2,ENST00000420514_3,ENST00000420514_4,ENST00000420514_5,DEFB109P1-001_1,DEFB109P1-001_2,AC105233-201_1,AC105233-201_2,AC105233-201_3,AC105233-201_4,AC105233-203_4"
107558,107561,"deletion",4,8559668,8561617,"8","chr8:8559668-8561617",6.55,416,242,0.582,"AC087269-201_1,AC087269-201_2,ENST00000389800_1,ENST00000389800_2"
107691,107694,"deletion",4,11565824,11566438,"8","chr8:11565824-11566438",5.92,40,8,0.2,"GATA4-201_1,GATA4-201_2,GATA4-201_3,GATA4-201_4"
107770,107770,"deletion",1,12285168,12285316,"8","chr8:12285168-12285316",8.04,66,1,0.0152,"FAM86B2-201_7"
107866,107872,"deletion",7,16859258,16939250,"8","chr8:16859258-16939250",7.85,474,360,0.759,"FGF20-201_1,FGF20-201_2,EFHA2-001_1,EFHA2-001_2,EFHA2-001_3,EFHA2-001_4,EFHA2-001_5"
108505,108505,"deletion",1,23116581,23116640,"8","chr8:23116581-23116640",6.94,104,16,0.154,"CHMP7-001_9"
108896,108896,"deletion",1,27685624,27685716,"8","chr8:27685624-27685716",5.29,131,36,0.275,"PBK-001_3"
109550,109558,"deletion",9,39131833,39180159,"8","chr8:39131833-39180159",7.14,745,518,0.695,"ADAM32-204_23,ADAM32-204_24,ADAM32-204_25,ADAM32-204_26,ADAM32-204_27,ADAM5P-006_1,ADAM5P-006_2,ADAM5P-006_3,ADAM5P-006_4"
110704,110709,"deletion",6,67752240,67753346,"8","chr8:67752240-67753346",11.2,1047,596,0.569,"C8orf44-202_13,C8orf44-202_14,C8orf44-202_15,SGK3-203_11,SGK3-203_12,SGK3-203_13"
111484,111484,"deletion",1,90796280,90796368,"8","chr8:90796280-90796368",5.67,76,14,0.184,"RIPK2-201_8"
111723,111723,"deletion",1,95527099,95527180,"8","chr8:95527099-95527180",4.78,43,6,0.14,"KIAA1429-201_11"
114372,114373,"deletion",2,145317758,145318305,"8","chr8:145317758-145318305",5.85,35,0,0,"AC145291-201_10,AC145291-201_11"
114789,114789,"deletion",1,175700,175785,"9","chr9:175700-175785",4.8,36,3,0.0833,"CBWD1-001_4"
115120,115120,"deletion",1,5077455,5077581,"9","chr9:5077455-5077581",5.22,151,44,0.291,"JAK2-001_15"
117386,117387,"deletion",2,40491624,40497326,"9","chr9:40491624-40497326",5.95,46,5,0.109,"ENST00000399669_8,ENST00000399669_9"
117630,117643,"deletion",14,44060108,44109436,"9","chr9:44060108-44109436",14.7,4023,3354,0.834,"ENST00000442354_1,ENST00000442354_2,ENST00000442354_3,ENST00000402318_5,ENST00000402318_6,ENST00000402318_7,ENST00000402318_8,ENST00000402318_9,ENST00000402318_10,ENST00000402318_11,ENST00000402318_12,ENST00000402318_13,ENST00000402318_14,ENST00000402318_15"
117763,117766,"deletion",4,46843640,46918432,"9","chr9:46843640-46918432",6.84,37,2,0.0541,"RP11-211N8-002_1,RP11-211N8-002_2,RP11-211N8-002_3,ENST00000454299_2"
118449,118450,"deletion",2,75445369,75445599,"9","chr9:75445369-75445599",6.83,464,256,0.552,"TMC1-001_22,TMC1-001_23"
118682,118684,"deletion",3,79829247,79835300,"9","chr9:79829247-79835300",5.62,459,276,0.601,"VPS13A-204_10,VPS13A-204_11,VPS13A-204_12"
121096,121098,"deletion",3,113341515,113343659,"9","chr9:113341515-113343659",5.78,396,210,0.53,"SVEP1-202_1,AL592463-201_1,AL592463-201_2"
124043,124050,"deletion",8,135946376,135960030,"9","chr9:135946376-135960030",7.52,483,320,0.663,"CEL-201_11,CEL-201_12,RP11-326L24-001_1,RP11-326L24-001_2,CELP-002_1,CELP-002_2,AL162417-201_1,AL162417-201_2"
125155,125158,"deletion",4,140008319,140009171,"9","chr9:140008319-140009171",7.04,256,137,0.535,"DPP7-003_1,DPP7-003_2,DPP7-003_3,DPP7-003_4"
126634,126635,"deletion",2,14978539,14981869,"10","chr10:14978539-14981869",5.33,177,72,0.407,"DCLRE1C-005_6,DCLRE1C-005_7"
126914,126916,"deletion",3,17882694,17891769,"10","chr10:17882694-17891769",6.31,653,349,0.534,"MRC1L1-001_5,MRC1L1-001_6,MRC1L1-001_7"
126929,126929,"deletion",1,17922539,17922683,"10","chr10:17922539-17922683",4.64,39,5,0.128,"MRC1L1-001_20"
126946,126948,"deletion",3,18112046,18122793,"10","chr10:18112046-18122793",27.1,381,4,0.0105,"MRC1-001_2,MRC1-001_3,MRC1-001_4"
126951,126951,"duplication",1,18138510,18138694,"10","chr10:18138510-18138694",6.74,177,428,2.42,"MRC1-001_7"
127533,127541,"deletion",9,27333088,27355478,"10","chr10:27333088-27355478",8.84,1359,876,0.645,"ANKRD26-201_11,ANKRD26-201_12,ANKRD26-201_13,ANKRD26-201_14,ANKRD26-201_15,ANKRD26-201_16,ANKRD26-201_17,ANKRD26-201_18,ANKRD26-201_19"
127720,127722,"deletion",3,29162187,29580936,"10","chr10:29162187-29580936",5.82,625,531,0.85,"C10orf126-001_5,LYZL1-002_1"
127971,127973,"deletion",3,32761411,32780926,"10","chr10:32761411-32780926",7.11,333,156,0.468,"CCDC7-012_8,CCDC7-012_9,CCDC7-012_10"
128791,128807,"deletion",17,46671587,46760099,"10","chr10:46671587-46760099",11.7,57,0,0,"FRMPD2L2-001_1,FRMPD2L2-001_2,FRMPD2L2-001_3,FRMPD2L2-001_4,FRMPD2L2-001_5,FRMPD2L2-001_6,CTGLF13P-001_1,CTGLF13P-001_2,CTGLF13P-001_3,CTGLF13P-001_4,BMS1P1-201_3,BMS1P1-201_4,BMS1P1-201_5,BMS1P1-201_6,BMS1P1-201_7,BMS1P1-201_8,BMS1P1-201_9"
128923,128959,"deletion",37,47621772,47711484,"10","chr10:47621772-47711484",37.5,2850,1842,0.646,"ENST00000423803_1,ENST00000423803_2,ENST00000423803_3,ENST00000423803_4,ENST00000423803_5,ENST00000423803_6,ENST00000423803_7,ENST00000423803_8,ENST00000423803_9,ENST00000423803_10,ENST00000423803_11,ENST00000423803_12,ENST00000454837_1,ENST00000454837_2,ENST00000454837_3,ANTXRL-001_1,ANTXRL-001_2,ANTXRL-001_3,ANTXRL-001_4,ANTXRL-001_5,ANTXRL-001_6,ANTXRL-001_7,ANTXRL-001_8,ANTXRL-001_9,ANTXRL-001_10,ANTXRL-001_11,ANTXRL-001_12,ANTXRL-001_13,ANTXRL-001_14,ANTXRL-001_15,ANTXRL-001_16,ANTXRL-001_17,ANTXRL-001_18,ANTXRL-001_19,ANTXRL-001_20,CTGLF11P-001_1,CTGLF11P-001_2"
128965,128979,"deletion",15,47740332,47758905,"10","chr10:47740332-47758905",20.5,262,97,0.37,"FAM25HP-001_1,FAM25HP-001_2,FAM25HP-001_3,C10orf43-001_1,C10orf43-001_2,ANXA8L2-001_1,ANXA8L2-001_2,ANXA8L2-001_3,ANXA8L2-001_4,ANXA8L2-001_5,ANXA8L2-001_6,ANXA8L2-001_7,ANXA8L2-001_8,ANXA8L2-001_9,ANXA8L2-001_10"
128999,128999,"deletion",1,47919944,47920044,"10","chr10:47919944-47920044",5.11,30,0,0,"FAM21B-201_16"
129021,129026,"deletion",6,48020452,48033106,"10","chr10:48020452-48033106",6.53,929,571,0.615,"ASAH2C-201_5,ASAH2C-201_6,ASAH2C-201_7,ASAH2C-201_8,ASAH2C-201_9,ASAH2C-201_10"
129098,129098,"deletion",1,48771317,48771406,"10","chr10:48771317-48771406",5.02,30,0,0,"PTPN20B-204_6"
129168,129178,"duplication",11,49313202,49381137,"10","chr10:49313202-49381137",13.8,912,1365,1.5,"PTPN20C-201_1,PTPN20C-201_2,PTPN20C-201_3,PTPN20C-201_4,RP11-13E1-001_1,RP11-13E1-001_2,FRMPD2-204_25,FRMPD2-204_26,FRMPD2-204_27,FRMPD2-204_28,FRMPD2-204_29"
129460,129461,"deletion",2,51361725,51361911,"10","chr10:51361725-51361911",13.2,103,4,0.0388,"ENST00000404618_4,ENST00000432221_4"
129572,129595,"deletion",24,51847037,51892907,"10","chr10:51847037-51892907",38.6,556,196,0.353,"FAM21A-005_8,FAM21A-005_9,FAM21A-005_10,FAM21A-005_11,FAM21A-005_12,FAM21A-005_13,FAM21A-005_14,FAM21A-005_15,FAM21A-005_16,FAM21A-005_17,FAM21A-005_18,FAM21A-005_19,FAM21A-005_20,FAM21A-005_21,FAM21A-005_22,FAM21A-005_23,FAM21A-005_24,FAM21A-005_25,FAM21A-005_26,FAM21A-005_27,FAM21A-005_28,FAM21A-005_29,FAM21A-005_30,FAM21A-005_31"
129604,129609,"duplication",6,51965744,51978391,"10","chr10:51965744-51978391",17.9,385,743,1.93,"ASAH2-201_7,ASAH2-201_8,ASAH2-201_9,ASAH2-201_10,ASAH2-201_11,ASAH2-201_12"
131173,131176,"deletion",4,75570444,75571557,"10","chr10:75570444-75571557",5.61,44,12,0.273,"NDST2-003_1,NDST2-003_2,ENST00000398701_1,ENST00000398701_2"
132029,132032,"deletion",4,89120240,89124961,"10","chr10:89120240-89124961",11.4,293,86,0.294,"FAM22D-202_2,FAM22D-202_3,FAM22D-202_4,FAM22D-202_5"
132367,132368,"deletion",2,93247441,93251065,"10","chr10:93247441-93251065",5.21,366,212,0.579,"HECTD2-202_12,HECTD2-202_13"
132446,132447,"deletion",2,93770832,93771173,"10","chr10:93770832-93771173",6.24,403,190,0.471,"BTAF1-001_29,BTAF1-001_30"
133114,133116,"deletion",3,98510576,98593237,"10","chr10:98510576-98593237",5.33,50,10,0.2,"RPL13AP5-201_2,LCOR-009_1,LCOR-009_2"
135720,135730,"deletion",11,124340384,124353115,"10","chr10:124340384-124353115",16.6,7773,4792,0.616,"DMBT1-002_11,DMBT1-002_12,DMBT1-002_13,DMBT1-002_14,DMBT1-002_15,DMBT1-002_16,DMBT1-002_17,DMBT1-002_18,DMBT1-002_19,DMBT1-002_20,DMBT1-002_21"
135969,135970,"deletion",2,126463246,126463352,"10","chr10:126463246-126463352",6.85,161,60,0.373,"FAM53B-002_4,METTL10-202_5"
137901,137901,"deletion",1,3844141,3844224,"11","chr11:3844141-3844224",4.75,99,28,0.283,"PGAP2-205_4"
141227,141229,"deletion",3,49186259,49192830,"11","chr11:49186259-49192830",7.72,161,70,0.435,"FOLH1-202_12,FOLH1-202_13,FOLH1-202_14"
143314,143318,"deletion",5,65306801,65307625,"11","chr11:65306801-65307625",8.18,285,154,0.54,"LTBP3-202_24,LTBP3-202_25,LTBP3-202_26,LTBP3-202_27,LTBP3-202_28"
145321,145323,"deletion",3,76750730,76751460,"11","chr11:76750730-76751460",5.94,618,368,0.595,"B3GNT6-202_2,B3GNT6-202_3,B3GNT6-202_4"
145674,145675,"deletion",2,84822707,84865696,"11","chr11:84822707-84865696",5.69,109,38,0.349,"DLG2-003_5,DLG2-003_6"
145893,145899,"deletion",7,89499780,89534157,"11","chr11:89499780-89534157",6.99,1638,1108,0.676,"TRIM77-201_8,ENST00000375974_1,ENST00000375974_2,ENST00000375974_3,TRIM49-201_6,TRIM49-201_7,TRIM49-201_8"
145953,145957,"deletion",5,89714613,89719255,"11","chr11:89714613-89719255",13,268,101,0.377,"ENST00000442514_5,ENST00000442514_6,ENST00000442514_7,ENST00000442514_8,ENST00000442514_9"
149276,149285,"duplication",10,78788,91224,"12","chr12:78788-91224",16.8,1047,1674,1.6,"ENST00000400706_2,ENST00000400706_3,ENST00000400706_4,ENST00000400706_5,ENST00000400706_6,ENST00000400706_7,ENST00000400706_8,ENST00000400706_9,ENST00000400706_10,ENST00000400706_11"
150775,150775,"deletion",1,9446260,9446507,"12","chr12:9446260-9446507",10.3,108,2,0.0185,"DDX11L8-201_2"
150968,150975,"deletion",8,10583212,10600232,"12","chr12:10583212-10600232",9.75,2690,1905,0.708,"KLRC2-201_1,KLRC2-201_2,KLRC2-201_3,KLRC2-201_4,KLRC2-201_5,KLRC2-201_6,KLRC1-202_6,KLRC1-202_7"
151366,151366,"deletion",1,15834162,15834237,"12","chr12:15834162-15834237",7.08,93,12,0.129,"EPS8-201_3"
152420,152426,"deletion",7,39170042,39301183,"12","chr12:39170042-39301183",8.14,647,498,0.77,"CPNE8-202_1,CPNE8-202_2,CPNE8-202_3,CPNE8-202_4,CPNE8-202_5,CPNE8-202_6,CPNE8-202_7"
152849,152851,"deletion",3,46345435,46357972,"12","chr12:46345435-46357972",5.82,407,258,0.634,"SFRS2IP-001_2,SFRS2IP-001_3,SFRS2IP-001_4"
152861,152862,"deletion",2,46598317,46599946,"12","chr12:46598317-46599946",5.2,194,110,0.567,"SLC38A1-201_10,SLC38A1-201_11"
156542,156543,"deletion",2,72004477,72004878,"12","chr12:72004477-72004878",7.48,668,454,0.68,"ZFC3H1-202_33,ZFC3H1-202_34"
156847,156855,"deletion",9,80083511,80187709,"12","chr12:80083511-80187709",11.7,854,530,0.621,"PAWR-201_1,PAWR-201_2,PPP1R12A-201_20,PPP1R12A-201_21,PPP1R12A-201_22,PPP1R12A-201_23,PPP1R12A-201_24,PPP1R12A-201_25,PPP1R12A-201_26"
157183,157186,"deletion",4,88524324,88532969,"12","chr12:88524324-88532969",6.85,657,480,0.731,"CEP290-201_4,CEP290-201_5,CEP290-201_6,CEP290-201_7"
160444,160445,"deletion",2,122991404,122991447,"12","chr12:122991404-122991447",5.28,72,24,0.333,"RSRC2-205_12,RSRC2-205_13"
160494,160494,"deletion",1,123071250,123071305,"12","chr12:123071250-123071305",4.85,75,18,0.24,"KNTC1-201_38"
161130,161130,"deletion",1,131297504,131297577,"12","chr12:131297504-131297577",5.08,68,14,0.206,"STX2-202_4"
162956,162957,"deletion",2,33096321,33096408,"13","chr13:33096321-33096408",5.15,267,132,0.494,"N4BP2L2-203_4,N4BP2L2-206_3"
162977,162978,"deletion",2,33270993,33274007,"13","chr13:33270993-33274007",5.68,357,198,0.555,"PDS5B-204_15,PDS5B-204_16"
163209,163214,"deletion",6,37526653,37567810,"13","chr13:37526653-37567810",6.43,676,514,0.76,"ALG5-001_4,ALG5-001_5,ALG5-001_6,ALG5-001_7,ALG5-001_8,ALG5-001_9"
164453,164454,"deletion",2,52795873,52795942,"13","chr13:52795873-52795942",6.03,30,0,0,"THSD1P-203_25,ENST00000403471_16"
164479,164482,"deletion",4,52863959,52865693,"13","chr13:52863959-52865693",6.55,249,136,0.546,"THSD1P-203_11,THSD1P-203_12,ENST00000403471_2,ENST00000403471_3"
164565,164566,"deletion",2,53233316,53235706,"13","chr13:53233316-53235706",5.13,46,8,0.174,"SUGT1-002_5,SUGT1-002_6"
165084,165084,"deletion",1,77870736,77870810,"13","chr13:77870736-77870810",4.78,33,2,0.0606,"MYCBP2-202_3"
166738,166762,"deletion",25,20002227,20182108,"14","chr14:20002227-20182108",46.8,14515,8668,0.597,"AL589182-203_1,AL589182-203_2,AL589182-203_3,AL589182-203_4,AL589182-203_5,AL589182-203_6,AL589182-203_7,AL589182-203_8,AL589182-203_9,AL929601-201_1,AL929601-201_2,AL929601-201_3,AL929601-201_4,AL512310-201_1,AL512310-201_2,AL512310-201_3,AL512310-201_4,AL512310-201_5,ENST00000398231_1,ENST00000398231_2,ENST00000398231_3,ENST00000398231_4,ENST00000398231_5,ENST00000398231_6,ENST00000334072_2"
168488,168491,"deletion",4,36769993,36781231,"14","chr14:36769993-36781231",6.02,727,488,0.671,"MBIP-203_5,MBIP-203_6,MBIP-203_7,MBIP-203_8"
168631,168638,"deletion",8,39783945,39816976,"14","chr14:39783945-39816976",7.26,1324,1030,0.778,"CTAGE5-201_15,CTAGE5-201_16,CTAGE5-201_17,CTAGE5-201_18,CTAGE5-201_19,CTAGE5-201_20,CTAGE5-201_21,CTAGE5-201_22"
168802,168803,"deletion",2,50131827,50133132,"14","chr14:50131827-50133132",5.88,106,34,0.321,"POLE2-201_7,POLE2-201_8"
169180,169185,"deletion",6,53138350,53162424,"14","chr14:53138350-53162424",7.57,741,497,0.671,"ERO1L-001_1,ERO1L-001_2,ERO1L-001_3,ERO1L-001_4,ERO1L-001_5,ERO1L-001_6"
170736,170737,"deletion",2,73578862,73581042,"14","chr14:73578862-73581042",7.33,340,160,0.471,"RBM25-201_17,RBM25-201_18"
170809,170811,"duplication",3,74003820,74010454,"14","chr14:74003820-74010454",13.4,447,915,2.05,"ACOT1-201_1,ACOT1-201_2,ACOT1-201_3"
173508,173513,"deletion",6,106539081,106559976,"14","chr14:106539081-106559976",6.69,2574,1752,0.681,"IGHV1-8-001_1,IGHV1-8-001_2,IGHV3-9-001_1,IGHV3-9-001_2,IGHV2-10-001_1,IGHV2-10-001_2"
173586,173595,"duplication",10,106866408,106934400,"14","chr14:106866408-106934400",11.3,8094,11780,1.46,"IGHV3-38-001_1,IGHV3-38-001_2,IGHV4-39-001_1,IGHV4-39-001_2,IGHV3-41-001_1,IGHV3-41-001_2,IGHV3-43-001_1,IGHV3-43-001_2,IGHVIII-44-001_1,IGHVIII-44-001_2"
173635,173638,"deletion",4,107095128,107099589,"14","chr14:107095128-107099589",12,1339,747,0.558,"IGHV4-61-001_1,IGHV4-61-001_2,IGHV3-62-001_1,IGHV3-62-001_2"
173799,173801,"deletion",3,21369348,21943054,"15","chr15:21369348-21943054",19.8,283,22,0.0777,"ENST00000450252_1,ENST00000450252_2,ENST00000500487_2"
174251,174253,"deletion",3,28424035,28427659,"15","chr15:28424035-28427659",6.84,1028,586,0.57,"HERC2-001_57,HERC2-001_58,HERC2-001_59"
174327,174331,"deletion",5,28629295,28630864,"15","chr15:28629295-28630864",22.5,260,6,0.0231,"GOLGA8F-204_8,GOLGA8F-204_9,GOLGA8F-204_10,GOLGA8F-204_11,GOLGA8F-204_12"
174369,174401,"duplication",33,28882123,28953560,"15","chr15:28882123-28953560",14.9,2591,3327,1.28,"AC055876-201_4,AC055876-201_5,AC055876-201_6,AC055876-201_7,AC055876-201_8,AC055876-201_9,AC055876-201_10,AC055876-201_11,AC055876-201_12,AC055876-201_13,AC055876-201_14,AC055876-201_15,AC055876-201_16,AC055876-201_17,AC055876-201_18,AC055876-201_19,AC055876-201_20,AC055876-201_21,AC055876-201_22,AC055876-201_23,AC055876-201_24,AC055876-201_25,AC055876-201_26,AC055876-201_27,AC055876-201_28,AC055876-202_5,AC055876-202_6,AC055876-202_7,AC055876-202_8,AC055876-202_9,AC055876-202_10,AC055876-202_11,AC055876-202_12"
174499,174507,"deletion",9,30406144,30665349,"15","chr15:30406144-30665349",22.7,541,220,0.407,"FAM7A3-201_1,FAM7A3-201_2,FAM7A3-201_3,FAM7A3-201_4,CHRFAM7A-202_6,CHRFAM7A-202_7,CHRFAM7A-202_8,CHRFAM7A-202_9,CHRFAM7A-202_10"
174534,174536,"deletion",3,30771195,30776821,"15","chr15:30771195-30776821",7.48,222,95,0.428,"AC127502-201_1,AC127502-201_2,AC127502-201_3"
174663,174673,"deletion",11,32460143,32738100,"15","chr15:32460143-32738100",26.4,405,117,0.289,"CHRNA7-205_10,ENST00000321578_1,ENST00000321578_2,ENST00000321578_3,ENST00000321578_4,AC135983-201_1,AC135983-201_2,ENST00000314246_3,ENST00000314246_4,ENST00000314246_5,ENST00000314246_6"
174966,174974,"duplication",9,34781208,34820036,"15","chr15:34781208-34820036",13.4,1770,2551,1.44,"AC027139-201_1,AC027139-201_2,AC027139-201_3,AC027139-201_4,AC027139-201_5,ENST00000444260_1,ENST00000444260_2,ENST00000444260_3,GOLGA8B-201_24"
176147,176148,"deletion",2,43277087,43281166,"15","chr15:43277087-43281166",5.85,209,112,0.536,"UBR1-001_35,UBR1-001_36"
177696,177699,"deletion",4,56243576,56285836,"15","chr15:56243576-56285836",8.54,335,172,0.513,"NEDD4-202_1,NEDD4-202_2,NEDD4-202_3,NEDD4-202_4"
178052,178057,"deletion",6,62167077,62173154,"15","chr15:62167077-62173154",10.8,1030,588,0.571,"VPS13C-201_72,VPS13C-201_73,VPS13C-201_74,VPS13C-201_75,VPS13C-201_76,VPS13C-201_77"
179317,179321,"deletion",5,72972358,72987570,"15","chr15:72972358-72987570",6.68,719,478,0.665,"HIGD2B-201_1,HIGD2B-201_2,BBS4-201_1,BBS4-201_2,BBS4-201_3"
180769,180772,"deletion",4,84909302,85053288,"15","chr15:84909302-85053288",7.07,119,25,0.21,"AC136698-204_7,AC048382-001_1,AC048382-001_2,GOLGA6L5-201_9"
181201,181201,"deletion",1,90260144,90260181,"15","chr15:90260144-90260181",6.64,92,14,0.152,"WDR93-202_7"
181965,181974,"duplication",10,102292670,102298122,"15","chr15:102292670-102298122",12.9,3211,4555,1.42,"AC107977-201_1,AC107977-201_2,ENST00000417911_1,ENST00000417911_2,AC107977-204_1,AC107977-204_2,AC107977-203_1,AC107977-203_2,ENST00000446640_1,ENST00000446640_2"
182006,182009,"deletion",4,102513106,102514306,"15","chr15:102513106-102514306",29.9,262,6,0.0229,"WASH3P-201_4,WASH3P-201_5,WASH3P-201_6,WASH3P-201_7"
182211,182217,"deletion",7,427380,447314,"16","chr16:427380-447314",6.8,99,44,0.444,"TMEM8A-002_1,TMEM8A-002_2,TMEM8A-002_3,Z97634-001_1,Z97634-001_2,Z97634-001_3,NME4-012_1"
184490,184492,"deletion",3,14693763,14700384,"16","chr16:14693763-14700384",8.61,454,248,0.546,"PARN-201_10,PARN-201_11,PARN-201_12"
184912,184917,"duplication",6,16424917,16425621,"16","chr16:16424917-16425621",9.25,362,602,1.66,"PKD1P1-204_26,PKD1P1-204_27,PKD1P1-204_28,PKD1P1-201_15,PKD1P1-201_16,PKD1P1-201_17"
185779,185780,"duplication",2,22486272,22486552,"16","chr16:22486272-22486552",6.94,144,296,2.06,"RP11-368J21-001_13,AC106788-201_4"
185998,185998,"deletion",1,24564836,24564879,"16","chr16:24564836-24564879",5.69,106,24,0.226,"RBBP6-001_4"
186304,186304,"deletion",1,28467695,28468348,"16","chr16:28467695-28468348",9.11,81,1,0.0123,"NPIPL1-202_7"
186391,186391,"deletion",1,28763110,28763914,"16","chr16:28763110-28763914",8.54,91,5,0.0549,"ENST00000357796_1"
188230,188243,"deletion",14,55801279,55824589,"16","chr16:55801279-55824589",16.1,2340,1453,0.621,"CES4-202_3,CES4-202_4,CES4-202_5,CES4-202_6,CES4-202_7,CES4-202_8,CES4-202_9,CES4-202_10,CES4-202_11,CES4-202_12,AC147362-203_1,AC147362-203_2,AC147362-203_3,AC147362-203_4"
188251,188260,"duplication",10,55844431,55862884,"16","chr16:55844431-55862884",9.47,2538,3261,1.28,"CES1-203_2,CES1-203_3,CES1-203_4,CES1-203_5,CES1-203_6,CES1-203_7,CES1-203_8,CES1-203_9,CES1-203_10,CES1-203_11"
188526,188526,"deletion",1,57241972,57242023,"16","chr16:57241972-57242023",4.61,140,46,0.329,"RSPRY1-001_3"
188824,188825,"deletion",2,58549388,58549785,"16","chr16:58549388-58549785",5.25,108,46,0.426,"SETD6-006_1,SETD6-006_2"
190843,190846,"deletion",4,78198082,78466650,"16","chr16:78198082-78466650",6.54,1090,662,0.607,"WWOX-206_5,WWOX-206_6,WWOX-206_7,WWOX-206_8"
193585,193604,"duplication",20,7219597,7225330,"17","chr17:7219597-7225330",11.7,6809,8410,1.24,"GPS2-002_1,GPS2-002_2,GPS2-002_3,GPS2-002_4,GPS2-002_5,GPS2-002_6,GPS2-002_7,GPS2-002_8,NEURL4-002_17,NEURL4-002_18,NEURL4-002_19,NEURL4-002_20,NEURL4-002_21,NEURL4-002_22,NEURL4-002_23,NEURL4-002_24,NEURL4-002_25,NEURL4-002_26,NEURL4-002_27,NEURL4-002_28,NEURL4-002_29"
194674,194674,"deletion",1,10446417,10446479,"17","chr17:10446417-10446479",5.79,102,22,0.216,"MYH2-202_9"
194925,194927,"deletion",3,13928236,13933889,"17","chr17:13928236-13933889",6.54,60,12,0.2,"ENST00000389360_2,ENST00000389360_3,ENST00000449363_3"
195230,195268,"deletion",39,16665629,16749198,"17","chr17:16665629-16749198",65.5,10118,6255,0.618,"CCDC144A-202_14,CCDC144A-202_15,CCDC144A-202_16,CCDC144A-202_17,CCDC144A-202_18,AC022596-003_1,AC022596-003_2,AC022596-003_3,AC022596-003_4,AC022596-003_5,AC022596-003_6,AC022596-003_7,AC022596-003_8,AC022596-003_9,AC022596-003_10,AC022596-003_11,AC022596-001_1,AC022596-001_2,AC022596-001_3,AC022596-001_4,AC022596-001_5,AC022596-001_6,AC022596-001_7,AC022596-001_8,ENST00000414673_1,ENST00000414673_2,ENST00000414673_3,ENST00000414673_4,ENST00000414673_5,ENST00000414673_6,ENST00000414673_7,ENST00000414673_8,KRT17P1-001_1,KRT17P1-001_2,KRT17P1-001_3,KRT17P1-001_4,KRT17P1-001_5,KRT17P1-001_6,KRT17P1-001_7"
195661,195673,"duplication",13,18292173,18304276,"17","chr17:18292173-18304276",15.5,821,1241,1.51,"EVPLL-001_11,AL353997-001_1,AL353997-001_2,AL353997-001_3,AL353997-001_4,AL353997-001_5,AL353997-001_6,AL353997-001_7,AL353997-001_8,AL353997-001_9,AL353997-001_10,AL353997-001_11,AL353997-001_12"
195690,195747,"duplication",58,18330122,18457581,"17","chr17:18330122-18457581",129,6955,12808,1.84,"ENST00000326333_1,ENST00000326333_2,ENST00000326333_3,ENST00000326333_4,ENST00000326333_5,ENST00000326333_6,ENST00000326333_7,ENST00000326333_8,ENST00000399124_1,ENST00000399124_2,ENST00000399124_3,ENST00000399124_4,ENST00000399124_5,ENST00000399124_6,ENST00000399124_7,ENST00000399124_8,ENST00000411877_1,ENST00000411877_2,ENST00000411877_4,LGALS9C-201_1,LGALS9C-201_2,LGALS9C-201_3,LGALS9C-201_4,LGALS9C-201_5,LGALS9C-201_6,LGALS9C-201_7,LGALS9C-201_8,LGALS9C-201_9,LGALS9C-201_10,LGALS9C-201_11,ENST00000426269_1,ENST00000426269_2,ENST00000426269_3,ENST00000426269_4,ENST00000426269_5,AC107983-001_1,AC107983-001_2,AC107983-001_3,AC107983-001_4,AC107983-001_5,AC107983-001_6,AC107983-001_7,AC107983-001_8,AC107983-001_9,AC107983-001_10,ENST00000456184_1,ENST00000456184_2,CCDC144B-201_14,CCDC144B-201_15,CCDC144B-201_16,CCDC144B-201_17,CCDC144B-201_18,ENST00000447265_11,ENST00000447265_12,ENST00000447265_13,ENST00000447265_14,ENST00000447265_15"
195870,195871,"duplication",2,18996289,18996940,"17","chr17:18996289-18996940",7.46,1011,1878,1.86,"AC007952-202_1,AC007952-202_2"
196149,196182,"duplication",34,20349980,20427397,"17","chr17:20349980-20427397",20,3120,4138,1.33,"ENST00000458685_5,ENST00000411468_6,LGALS9B-201_1,LGALS9B-201_2,LGALS9B-201_3,LGALS9B-201_4,LGALS9B-201_5,LGALS9B-201_6,LGALS9B-201_7,LGALS9B-201_8,LGALS9B-201_9,LGALS9B-201_10,LGALS9B-201_11,ENST00000439127_1,ENST00000439127_2,ENST00000439127_3,ENST00000439127_4,ENST00000439127_5,ENST00000439127_6,ENST00000439127_7,ENST00000439127_8,ENST00000453795_1,ENST00000453795_2,ENST00000453795_3,ENST00000453795_4,ENST00000453795_5,ENST00000453795_6,ENST00000453795_7,ENST00000453795_8,ENST00000379222_3,ENST00000379222_4,ENST00000379222_5,ENST00000379222_6,ENST00000379222_7,ENST00000379222_8"
196188,196190,"deletion",3,20448330,20449832,"17","chr17:20448330-20449832",17.6,219,56,0.256,"ENST00000342824_7,ENST00000342824_8,ENST00000342824_9"
197080,197088,"deletion",9,28942916,29093607,"17","chr17:28942916-29093607",13.4,3279,2435,0.743,"LRRC37B2-001_6,LRRC37B2-001_7,LRRC37B2-001_8,LRRC37B2-001_9,SUZ12P-204_1,SUZ12P-204_2,SUZ12P-204_3,SUZ12P-204_4,SUZ12P-204_5"
197450,197451,"deletion",2,33255983,33258071,"17","chr17:33255983-33258071",6.25,132,50,0.379,"CCT6B-201_12,CCT6B-201_13"
197711,197711,"deletion",1,34493134,34493944,"17","chr17:34493134-34493944",5.02,30,0,0,"TBC1D3B-001_14"
198032,198041,"deletion",10,36351805,36375178,"17","chr17:36351805-36375178",36.1,8756,4623,0.528,"AC183087-202_5,AC183087-202_6,AC183087-202_7,AC183087-202_8,AC183087-202_9,AC183087-202_10,AC183087-202_11,AC183087-202_12,AC183087-202_13,AC183087-202_14"
200260,200268,"deletion",9,43585853,43697739,"17","chr17:43585853-43697739",8.58,640,432,0.675,"AC091132-201_1,AC091132-201_2,AC091132-201_3,AC091132-201_4,ENST00000253803_2,ENST00000339474_1,ENST00000339474_2,ENST00000339474_3,AC126544-201_1"
200334,200350,"deletion",17,44380006,44594600,"17","chr17:44380006-44594600",56,1320,474,0.359,"LRRC37A-001_4,LRRC37A-001_5,LRRC37A-001_6,LRRC37A-001_7,LRRC37A-001_8,LRRC37A-001_9,LRRC37A-001_10,LRRC37A-001_11,LRRC37A-001_12,LRRC37A-001_13,LRRC37A-001_14,LRRC37A-001_15,AC005829-202_1,AC005829-202_2,AC005829-202_3,LRRC37A2-201_1,ARL17P1-202_5"
200359,200359,"deletion",1,44627783,44627886,"17","chr17:44627783-44627886",4.62,131,42,0.321,"LRRC37A2-201_10"
203197,203200,"deletion",4,67244405,67248008,"17","chr17:67244405-67248008",6.15,309,208,0.673,"ABCA5-203_35,ABCA5-203_36,ABCA5-203_37,ABCA5-203_38"
205719,205719,"duplication",1,81187695,81188574,"17","chr17:81187695-81188574",5.34,129,296,2.29,"ENST00000425566_4"
206485,206488,"deletion",4,12859165,12951905,"18","chr18:12859165-12951905",9.21,361,176,0.488,"PTPN2-003_1,PTPN2-003_2,SEH1L-201_1,SEH1L-201_2"
207178,207178,"deletion",1,28673524,28673607,"18","chr18:28673524-28673607",4.76,109,32,0.294,"DSC2-202_2"
207841,207841,"deletion",1,44424019,44424091,"18","chr18:44424019-44424091",7.66,80,6,0.075,"PIAS2-201_9"
208769,208773,"deletion",5,66358534,66369028,"18","chr18:66358534-66369028",8.13,349,186,0.533,"TMX3-201_5,TMX3-201_6,TMX3-201_7,TMX3-201_8,TMX3-201_9"
209502,209505,"deletion",4,1108620,1109423,"19","chr19:1108620-1109423",6.09,462,280,0.606,"SBNO2-202_29,SBNO2-202_30,SBNO2-202_31,SBNO2-202_32"
209797,209802,"deletion",6,1880897,1912255,"19","chr19:1880897-1912255",6.76,928,615,0.663,"FAM108A1-201_1,FAM108A1-201_2,FAM108A1-201_3,SCAMP4-001_1,ADAT3-002_1,ADAT3-002_2"
210430,210440,"deletion",11,4028720,4094497,"19","chr19:4028720-4094497",8.32,1728,1231,0.712,"PIAS4-201_6,PIAS4-201_7,PIAS4-201_8,PIAS4-201_9,PIAS4-201_10,PIAS4-201_11,ZBTB7A-201_1,ZBTB7A-201_2,ZBTB7A-201_3,MAP2K2-201_11,MAP2K2-201_12"
214113,214115,"deletion",3,17007269,17008806,"19","chr19:17007269-17008806",5.76,155,72,0.465,"CPAMD8-203_38,CPAMD8-203_39,CPAMD8-203_40"
215122,215124,"deletion",3,20242704,20242888,"19","chr19:20242704-20242888",5.44,274,158,0.577,"AC011447-201_3,AC011447-201_4,AC011447-201_5"
215624,215633,"deletion",10,33792455,33831670,"19","chr19:33792455-33831670",8.32,342,212,0.62,"AC008738-201_1,AC008738-201_2,AC008738-201_3,AC008738-201_4,AC008738-201_5,AC008738-201_6,AC008738-201_7,ENST00000320232_1,ENST00000320232_2,CTD-2540B15-001_1"
217294,217297,"duplication",4,40376315,40382827,"19","chr19:40376315-40382827",8.37,827,1266,1.53,"FCGBP-201_22,FCGBP-201_23,FCGBP-201_24,FCGBP-201_25"
217304,217306,"deletion",3,40395806,40399856,"19","chr19:40395806-40399856",34.2,473,4,0.00846,"FCGBP-201_13,FCGBP-201_14,FCGBP-201_15"
217340,217340,"deletion",1,40553315,40553378,"19","chr19:40553315-40553378",4.85,85,22,0.259,"ZNF780B-001_5"
218134,218182,"duplication",49,43375921,43708404,"19","chr19:43375921-43708404",19.3,34175,41187,1.21,"PSG1-202_2,PSG1-202_3,PSG1-202_4,PSG6-001_1,PSG6-001_2,PSG6-001_3,PSG6-001_4,PSG6-001_5,PSG6-001_6,PSG7-001_1,PSG7-001_2,PSG7-001_3,PSG7-001_4,PSG7-001_5,PSG7-001_6,CEACAMP7-001_1,CEACAMP7-001_2,PSG11-001_1,PSG11-001_2,PSG11-001_3,PSG11-001_4,PSG11-001_5,PSG11-001_6,CEACAMP8-001_1,CEACAMP8-001_2,CEACAMP8-001_3,PSG2-001_1,PSG2-001_2,PSG2-001_3,PSG2-001_4,PSG2-001_5,PSG2-001_6,CEACAMP9-001_1,CEACAMP9-001_2,AC005392-001_1,AC005392-001_2,PSG5-201_1,PSG5-201_2,PSG5-201_3,PSG5-201_4,PSG5-201_5,PSG5-201_6,PSG5-201_7,PSG4-001_2,PSG4-001_3,PSG4-001_4,PSG4-001_5,PSG4-001_6"
219072,219073,"deletion",2,47249305,47249721,"19","chr19:47249305-47249721",5.09,92,36,0.391,"STRN4-202_1,FKRP-202_1"
221166,221177,"duplication",12,54724400,54743828,"19","chr19:54724400-54743828",7.92,1985,2511,1.26,"LILRB3-008_1,LILRB3-008_2,LILRB3-008_3,LILRB3-008_4,LILRB3-008_5,LILRB3-008_6,AC010492-001_1,AC010492-001_2,LILRA6-002_7,LILRA6-002_8,LILRA6-002_9,LILRA6-002_10"
221218,221224,"duplication",7,54801929,54804722,"19","chr19:54801929-54804722",6.68,3358,4384,1.31,"LILRA3-003_4,LILRA3-003_5,LILRA3-003_6,LILRA3-003_7,LILRA3-003_8,LILRA3-003_9,LILRA3-003_10"
221421,221430,"duplication",10,55315068,55329025,"19","chr19:55315068-55329025",11.1,739,1037,1.4,"KIR2DL4-001_1,KIR2DL4-001_2,KIR2DL4-001_3,KIR2DL4-001_4,KIR2DL4-001_5,KIR2DL4-001_6,KIR2DL4-001_7,KIR2DL4-001_8,KIR3DL1-201_1,KIR3DL1-201_2"
223176,223177,"deletion",2,5547381,5548207,"20","chr20:5547381-5548207",7.27,173,60,0.347,"GPCPD1-202_13,GPCPD1-202_14"
223571,223575,"deletion",5,13509095,13561629,"20","chr20:13509095-13561629",5.85,644,514,0.798,"TASP1-003_6,TASP1-003_7,TASP1-003_8,TASP1-003_9,TASP1-003_10"
225280,225280,"deletion",1,33645319,33645375,"20","chr20:33645319-33645375",4.87,91,24,0.264,"TRPC4AP-202_4"
227527,227527,"deletion",1,52835560,52835685,"20","chr20:52835560-52835685",4.64,72,18,0.25,"PFDN4-005_4"
227908,227909,"deletion",2,58440630,58440921,"20","chr20:58440630-58440921",6.18,197,90,0.457,"SYCP2-001_42,SYCP2-001_43"
228734,228739,"deletion",6,62667492,62680995,"20","chr20:62667492-62680995",6.54,1013,676,0.667,"ZNF512B-202_1,NCRNA00176-002_2,NCRNA00176-002_3,NCRNA00176-002_4,SOX18-001_1,SOX18-001_2"
228834,228835,"deletion",2,10951268,10952964,"21","chr21:10951268-10952964",5.38,687,429,0.624,"TPTE-006_18,TPTE-006_19"
228925,228935,"duplication",11,14982500,15013907,"21","chr21:14982500-15013907",9.35,580,1078,1.86,"POTED-001_1,POTED-001_2,POTED-001_3,POTED-001_4,POTED-001_5,POTED-001_6,POTED-001_7,POTED-001_8,POTED-001_9,POTED-001_10,POTED-001_11"
228962,228967,"deletion",6,15311569,15317431,"21","chr21:15311569-15317431",6.2,674,434,0.644,"C21orf81-210_12,C21orf81-210_13,C21orf81-210_14,AP001466-201_1,C21orf81-202_5,C21orf81-202_6"
229027,229028,"deletion",2,15646122,15646479,"21","chr21:15646122-15646479",7.33,53,6,0.113,"AF130358-204_1,ABCC13-005_1"
230119,230119,"deletion",1,35003794,35003864,"21","chr21:35003794-35003864",5.36,94,22,0.234,"CRYZL1-201_2"
231945,231951,"deletion",7,16256443,16275278,"22","chr22:16256443-16275278",6.87,2133,1338,0.627,"POTEH-002_7,POTEH-002_8,POTEH-002_9,POTEH-002_10,POTEH-002_11,POTEH-002_12,ENST00000422014_1"
231983,231987,"duplication",5,16414864,16415952,"22","chr22:16414864-16415952",7.31,1661,2240,1.35,"LA16c-60G3-201_2,LA16c-60G3-201_3,LA16c-60G3-201_4,LA16c-60G3-201_5,LA16c-60G3-201_6"
231990,231991,"deletion",2,16419339,16420387,"22","chr22:16419339-16420387",5.9,32,1,0.0312,"ENST00000412729_2,LA16c-23H5-004_3"
232017,232018,"deletion",2,16915108,16919178,"22","chr22:16915108-16919178",4.94,210,104,0.495,"ENST00000421957_6,ENST00000421957_7"
232066,232069,"deletion",4,17172867,17176249,"22","chr22:17172867-17176249",7.44,39,2,0.0513,"VWFP-001_7,VWFP-001_8,VWFP-001_9,VWFP-001_10"
232366,232378,"duplication",13,18841165,18874511,"22","chr22:18841165-18874511",15.5,1503,2182,1.45,"AC008103-001_3,AC008103-001_4,AC008103-001_5,AC008103-001_6,AC008103-201_1,AC008103-201_2,ENST00000424147_2,ENST00000424147_3,ENST00000424147_4,ENST00000424147_5,ENST00000424147_6,ENST00000424147_7,ENST00000424147_8"
232448,232450,"deletion",3,19165457,19166035,"22","chr22:19165457-19166035",6.62,77,26,0.338,"SLC25A1-003_1,SLC25A1-003_2,SLC25A1-003_3"
232711,232715,"deletion",5,20136937,20137774,"22","chr22:20136937-20137774",7.63,76,26,0.342,"AC006547-002_2,AC006547-002_3,AC006547-002_4,AC006547-002_5,AC006547-002_6"
233332,233332,"deletion",1,22663064,22663185,"22","chr22:22663064-22663185",5.86,139,34,0.245,"LL22NC03-80A10-002_5"
233722,233723,"deletion",2,24324821,24325194,"22","chr22:24324821-24325194",5.86,50,8,0.16,"GSTT2-002_3,GSTT2-002_4"
233843,233844,"deletion",2,24654737,24654842,"22","chr22:24654737-24654842",6.28,32,0,0,"ENST00000248992_4,POM121L9P-001_4"
235792,235797,"duplication",6,38150886,38151667,"22","chr22:38150886-38151667",6.28,516,716,1.39,"NOL12-007_17,NOL12-007_18,NOL12-007_19,TRIOBP-001_13,TRIOBP-001_14,TRIOBP-001_15"
236124,236132,"duplication",9,39358105,39388155,"22","chr22:39358105-39388155",9.53,2753,3819,1.39,"APOBEC3A-001_5,APOBEC3A-001_6,APOBEC3B-003_1,APOBEC3B-003_2,APOBEC3B-003_3,APOBEC3B-003_4,APOBEC3B-003_5,APOBEC3B-003_6,APOBEC3B-003_7"
